{"cameraMode":{"drawMode":0,"name":"Shaded","section":"Shading Mode"},"sceneLighting":true,"audioPlay":false,"sceneViewState":{"showFog":true,"showMaterialUpdate":false,"showSkybox":true,"showFlares":true,"showImageEffects":true,"showParticleSystems":true},"in2DMode":false,"pivot":{"x":-1.3020802736282349,"y":1.3111909627914429,"z":0.33597636222839358},"rotation":{"x":0.2119130641222,"y":-0.44967925548553469,"z":0.11092066019773483,"w":0.8606993556022644},"size":0.29752594232559206,"orthographic":false}