{"cameraMode":{"drawMode":0,"name":"Shaded","section":"Shading Mode"},"sceneLighting":true,"audioPlay":false,"sceneViewState":{"showFog":true,"showMaterialUpdate":false,"showSkybox":true,"showFlares":true,"showImageEffects":true,"showParticleSystems":true,"showVisualEffectGraphs":true,"m_FxEnabled":true},"in2DMode":false,"pivot":{"x":0.4777021110057831,"y":2.1698532104492189,"z":-9.009862899780274},"rotation":{"x":-0.11827186495065689,"y":-0.27243223786354067,"z":0.033765655010938647,"w":-0.954282283782959},"size":0.24859100580215455,"orthographic":false}